Data,Producao industrial,
2002.01,84.35985,
2002.02,81.23882,
2002.03,90.19468,
2002.04,92.75477,
2002.05,93.74586,
2002.06,90.30861,
2002.07,97.02905,
2002.08,97.40784,
2002.09,95.68385,
2002.10,103.92059,
2002.11,97.7581,
2002.12,86.94687,
2003.01,86.21006,
2003.02,83.64805,
2003.03,90.21116,
2003.04,89.17615,
2003.05,92.85332,
2003.06,88.90555,
2003.07,94.79223,
2003.08,95.13301,
2003.09,99.81096,
2003.10,104.87061,
2003.11,98.57643,
2003.12,90.74434,
2004.01,89.48491,
2004.02,86.27226,
2004.03,101.29663,
2004.04,95.78715,
2004.05,100.60552,
2004.06,100.36502,
2004.07,104.98271,
2004.08,107.37683,
2004.09,107.36306,
2004.10,108.93971,
2004.11,106.96965,
2004.12,98.73418,
2005.01,94.43859,
2005.02,89.01654,
2005.03,102.59731,
2005.04,101.36217,
2005.05,106.16136,
2005.06,106.49943,
2005.07,105.46883,
2005.08,111.39355,
2005.09,107.22933,
2005.10,109.21963,
2005.11,107.68567,
2005.12,100.94034,
2006.01,97.48057,
2006.02,93.46685,
2006.03,107.67339,
2006.04,99.8282,
2006.05,111.1146,
2006.06,106.1607,
2006.07,109.25591,
2006.08,114.86336,
2006.09,108.65657,
2006.10,113.57487,
2006.11,111.69618,
2006.12,101.34553,
2007.01,101.38564,
2007.02,96.22568,
2007.03,112.38721,
2007.04,105.592,
2007.05,116.40273,
2007.06,112.88043,
2007.07,116.34116,
2007.08,122.27648,
2007.09,114.61139,
2007.10,125.65204,
2007.11,119.3344,
2007.12,107.93691,
2008.01,110.45695,
2008.02,106.13137,
2008.03,113.89996,
2008.04,115.64141,
2008.05,119.39461,
2008.06,120.34545,
2008.07,126.43891,
2008.08,124.5839,
2008.09,125.0701,
2008.10,126.34873,
2008.11,112.08152,
2008.12,92.19722,
2009.01,91.66715,
2009.02,88.63398,
2009.03,103.19096,
2009.04,99.3135,
2009.05,106.35166,
2009.06,107.43047,
2009.07,113.86257,
2009.08,116.10422,
2009.09,115.87901,
2009.10,123.07453,
2009.11,118.13763,
2009.12,109.62616,
2010.01,106.28638,
2010.02,103.65597,
2010.03,122.44795,
2010.04,115.72172,
2010.05,121.51816,
2010.06,119.43995,
2010.07,124.55664,
2010.08,126.02153,
2010.09,123.28957,
2010.10,125.54517,
2010.11,124.42525,
2010.12,112.54306,
2011.01,108.6343,
2011.02,111.18262,
2011.03,121.63363,
2011.04,113.61426,
2011.05,124.81165,
2011.06,119.80302,
2011.07,123.60012,
2011.08,129.1428,
2011.09,122.10754,
2011.10,123.83857,
2011.11,121.40188,
2011.12,111.49519,
2012.01,103.35733,
2012.02,104.68291,
2012.03,116.1812,
2012.04,108.09827,
2012.05,119.38667,
2012.06,114.50151,
2012.07,121.76721,
2012.08,129.95274,
2012.09,120.52278,
2012.10,130.27003,
2012.11,122.16077,
2012.12,107.48937,
2013.01,110.11744,
2013.02,102.62008,
2013.03,113.85214,
2013.04,118.65181,
2013.05,122.33153,
2013.06,118.51416,
2013.07,125.8847,
2013.08,130.56683,
2013.09,125.03259,
2013.10,131.19189,
2013.11,123.68849,
2013.12,104.97604,
2014.01,107.91411,
2014.02,107.54777,
2014.03,113.37495,
2014.04,111.8974,
2014.05,118.5303,
2014.06,110.61037,
2014.07,121.70206,
2014.08,123.92138,
2014.09,123.07107,
2014.10,127.32526,
2014.11,116.2884,
2014.12,102.2134,
2015.01,102.66304,
2015.02,97.57125,
2015.03,109.92777,
2015.04,103.51269,
2015.05,108.44442,
2015.06,107.78466,
2015.07,111.24612,
2015.08,113.73341,
2015.09,109.91113,
2015.10,113.31974,
2015.11,102.02329,
2015.12,89.97213,
2016.01,88.87564,
2016.02,88.35558,
2016.03,97.51803,
2016.04,96.72772,
2016.05,100.51023,
2016.06,102.14944,
2016.07,104.43092,
2016.08,108.37187,
2016.09,105.65274,
2016.10,105.07812,
2016.11,100.76965,
2016.12,90.00232,
2017.01,90.76173,
2017.02,88.41199,
2017.03,99.55177,
2017.04,92.42064,
2017.05,105.02557,
2017.06,103.06748,
2017.07,107.34819,
2017.08,112.64103,
2017.09,108.34912,
2017.10,110.87912,
2017.11,105.5798,
2017.12,94.39374,
2018.01,95.85064,
2018.02,90.04273,
2018.03,100.49774,
2018.04,100.77646,
2018.05,98.36,
2018.06,106.10223,
2018.07,111.61924,
2018.08,114.4615,
2018.09,105.73437,
2018.10,111.61565,
2018.11,104.28134,
2018.12,90.84141,
2019.01,94.02286,
2019.02,92.15176,
2019.03,94.39633,
2019.04,97.12618,
2019.05,106.03589,
2019.06,99.98849,
2019.07,108.88426,
2019.08,112.1134,
2019.09,106.94489,
2019.10,113.06392,
2019.11,102.50798,
2019.12,89.65106,
2020.01,93.25265,
2020.02,91.90105,
2020.03,90.76051,
2020.04,70.24669,
2020.05,82.93598,
2020.06,91.33918,
2020.07,106.0344,
2020.08,109.41676,
2020.09,111.13157,
2020.10,113.42905,
2020.11,105.13475,
2020.12,97.1061,
2021.01,95.45141,
2021.02,92.15339,
2021.03,100.3173,
2021.04,94.72257,
2021.05,102.95969,
2021.06,102.41462,
2021.07,107.53425,
2021.08,108.81356,
2021.09,106.61016,
2021.10,104.56847,
2021.11,100.5582,
2021.12,92.2986,
2022.01,90.12692,
2022.02,89.76868,
2022.03,98.37445,
2022.04,94.63148,
2022.05,102.66461,
2022.06,101.79733,
2022.07,107.14913,
2022.08,110.72404,
2022.09,105.56805,
2022.10,105.8625,
2022.11,101.38154,
2022.12,91.95129,
2023.01,90.3957,
2023.02,87.42669,
2023.03,99.38515,
2023.04,92.03653,
2023.05,104.73802,
2023.06,101.88765,
2023.07,105.5124,
2023.08,111.26735,
2023.09,106.2818,
2023.10,107.01406,
2023.11,102.82135,
2023.12,92.73326,
2024.01,93.7519,
2024.02,92.36098,
2024.03,96.50021,
2024.04,99.72287,
2024.05,103.50713,
2024.06,105.19257,
2024.07,111.98145,
2024.08,113.82899,
2024.09,109.74694,
2024.10,113.56517,
2024.11,104.61993,
2024.12,94.03043,
2025.01,94.9752,
2025.02,93.49795,
2025.03,99.88757,
2025.04,99.25711,
2025.05,107.00254,
2025.06,103.77719,
2025.07,112.26152,
2025.08,112.97945,
2025.09,111.92533,
2025.10,113.09799,
2025.11,103.13694,
2025.12,93.89778,
2026.01,95.20043,
2026.02,92.80076,
2026.03,104.32131,
2026.04,101.98014,
2026.05,107.16437,
2026.06,105.58143,
2026.07,111.6915,
